Konstante,Wert
33,33.0
137,137.0
π,3.141593
√2,1.414214
φ,1.618034
