Planet,Mass_(10^24_kg),Diameter_(km),Density_(kg/m^3),Gravity_(m/s^2),Escape_Velocity_(km/s)
Mercury,0.33022,4879.52,5430,3.7,4.25
Venus,4.8685,12103.18,5240,8.872,10.36
Earth,5.9737,12756.3,5515,9.807,11.18
Mars,0.64185,6794.0,3930,3.721,5.02
Jupiter,1898.7,142985.36,1330,24.79,59.54
Saturn,568.51,120534.28,700,10.44,35.49
Uranus,86.849,51118.0,1300,8.87,21.29
Neptune,102.44,49528.0,1640,11.15,23.71
