axis,angle_deg,cos(θ),resonance_factor
X,0,1.0,0.0
Y,90,0.0,0.0
Z,180,-1.0,0.0
X',270,-0.0,-0.0
Y',45,0.70711,0.5
Z',135,-0.70711,0.5
Diagonal,63,0.45399,0.40451
Inversion,117,-0.45399,0.40451
