Fold,Fibonacci_Value,Is_Prime,ln(Fib),sqrt(Fib)
1,1,False,0.0,1.0
2,1,False,0.0,1.0
3,2,True,0.69315,1.41421
4,3,True,1.09861,1.73205
5,5,True,1.60944,2.23607
6,8,True,2.07944,2.82843
7,13,True,2.56495,3.60555
8,21,False,3.04452,4.58258
9,34,False,3.52636,5.83095
10,55,True,4.00733,7.4162
