n,"Λ (Faltungswert, Planckzeit)",log10(Λ)
1,3.2760603755652637e+106,106.51535189691415
2,2.906645518446439e+103,103.46339207037732
3,2.578886589795225e+100,100.4114322438405
4,2.2880863871492415e+97,97.35947241730366
5,2.0300773736131517e+94,94.30751259076685
