n,Λ (Faltungswert),log10(Λ)
1,1.76620506715851e+63,63.24704112640179
2,1.5670443931387808e+60,60.19508129986496
3,1.3903414590573738e+57,57.14312147332814
4,1.2335638870459187e+54,54.091161646791306
5,1.0944648550259784e+51,51.03920182025448
